year,version,outcome,probability_bin,sample_count,avg_predicted_prob,actual_rate
2010,V1_elo_only,home_win,"(-0.001, 0.1]",4,0.06827314023158665,0.5
2010,V1_elo_only,home_win,"(0.1, 0.2]",5,0.14166382318037835,0.4
2010,V1_elo_only,home_win,"(0.2, 0.3]",10,0.25805830027859866,0.5
2010,V1_elo_only,home_win,"(0.3, 0.4]",8,0.3482027793130547,1.0
2010,V1_elo_only,home_win,"(0.4, 0.5]",9,0.43419799556512356,0.6666666666666666
2010,V1_elo_only,home_win,"(0.5, 0.6]",14,0.5586335042794007,0.7857142857142857
2010,V1_elo_only,home_win,"(0.6, 0.7]",9,0.6319580841565934,1.0
2010,V1_elo_only,home_win,"(0.7, 0.8]",4,0.7503509537455872,1.0
2010,V1_elo_only,home_win,"(0.8, 0.9]",1,0.8026982079780278,0.0
2010,V1_elo_only,draw,"(0.1, 0.2]",6,0.16702760776766842,0.3333333333333333
2010,V1_elo_only,draw,"(0.2, 0.3]",53,0.26642472877164697,0.2641509433962264
2010,V1_elo_only,draw,"(0.3, 0.4]",5,0.3136061441130577,0.0
2010,V1_elo_only,away_win,"(-0.001, 0.1]",6,0.06571271351083184,0.0
2010,V1_elo_only,away_win,"(0.1, 0.2]",21,0.15532227416902608,0.0
2010,V1_elo_only,away_win,"(0.2, 0.3]",7,0.24524980711302097,0.0
2010,V1_elo_only,away_win,"(0.3, 0.4]",11,0.3386910769187008,0.0
2010,V1_elo_only,away_win,"(0.4, 0.5]",7,0.43642294091244044,0.0
2010,V1_elo_only,away_win,"(0.5, 0.6]",5,0.5362373882798019,0.2
2010,V1_elo_only,away_win,"(0.6, 0.7]",3,0.6355210144495362,0.0
2010,V1_elo_only,away_win,"(0.7, 0.8]",3,0.7205893043918711,0.0
2010,V1_elo_only,away_win,"(0.8, 0.9]",1,0.838427274623598,0.0
2010,V2_elo_recent_form,home_win,"(-0.001, 0.1]",4,0.07363950859513882,0.75
2010,V2_elo_recent_form,home_win,"(0.1, 0.2]",4,0.1547935103242757,0.25
2010,V2_elo_recent_form,home_win,"(0.2, 0.3]",10,0.23789507407473365,0.4
2010,V2_elo_recent_form,home_win,"(0.3, 0.4]",9,0.33895551222940434,1.0
2010,V2_elo_recent_form,home_win,"(0.4, 0.5]",8,0.44876640039381316,0.625
2010,V2_elo_recent_form,home_win,"(0.5, 0.6]",15,0.5554132089701557,0.8
2010,V2_elo_recent_form,home_win,"(0.6, 0.7]",8,0.6416307738789315,1.0
2010,V2_elo_recent_form,home_win,"(0.7, 0.8]",6,0.7555799962674143,0.8333333333333334
2010,V2_elo_recent_form,draw,"(0.1, 0.2]",6,0.16516021610227113,0.3333333333333333
2010,V2_elo_recent_form,draw,"(0.2, 0.3]",50,0.26218591614543624,0.24
2010,V2_elo_recent_form,draw,"(0.3, 0.4]",8,0.3126179549103194,0.25
2010,V2_elo_recent_form,away_win,"(-0.001, 0.1]",7,0.06921635311047238,0.0
2010,V2_elo_recent_form,away_win,"(0.1, 0.2]",19,0.1495027020575104,0.0
2010,V2_elo_recent_form,away_win,"(0.2, 0.3]",9,0.2339221916146096,0.0
2010,V2_elo_recent_form,away_win,"(0.3, 0.4]",10,0.34497462799863904,0.0
2010,V2_elo_recent_form,away_win,"(0.4, 0.5]",6,0.45152659531280986,0.0
2010,V2_elo_recent_form,away_win,"(0.5, 0.6]",8,0.5326021710183173,0.125
2010,V2_elo_recent_form,away_win,"(0.6, 0.7]",3,0.6845555883346778,0.0
2010,V2_elo_recent_form,away_win,"(0.7, 0.8]",1,0.7138481093857341,0.0
2010,V2_elo_recent_form,away_win,"(0.8, 0.9]",1,0.8500576942065485,0.0
2010,V3_elo_recent_form_h2h,home_win,"(-0.001, 0.1]",5,0.07491619752306602,0.6
2010,V3_elo_recent_form_h2h,home_win,"(0.1, 0.2]",3,0.16377277352509115,0.3333333333333333
2010,V3_elo_recent_form_h2h,home_win,"(0.2, 0.3]",10,0.24191862935553546,0.4
2010,V3_elo_recent_form_h2h,home_win,"(0.3, 0.4]",11,0.3513567374600269,0.9090909090909091
2010,V3_elo_recent_form_h2h,home_win,"(0.4, 0.5]",7,0.46527890830220203,0.7142857142857143
2010,V3_elo_recent_form_h2h,home_win,"(0.5, 0.6]",12,0.5550026166613461,0.75
2010,V3_elo_recent_form_h2h,home_win,"(0.6, 0.7]",9,0.6427997982438738,1.0
2010,V3_elo_recent_form_h2h,home_win,"(0.7, 0.8]",6,0.7445399167008028,1.0
2010,V3_elo_recent_form_h2h,home_win,"(0.8, 0.9]",1,0.8091374714730691,0.0
2010,V3_elo_recent_form_h2h,draw,"(0.1, 0.2]",7,0.16368064222703868,0.2857142857142857
2010,V3_elo_recent_form_h2h,draw,"(0.2, 0.3]",46,0.2551837525723698,0.2826086956521739
2010,V3_elo_recent_form_h2h,draw,"(0.3, 0.4]",11,0.30889969328651995,0.09090909090909091
2010,V3_elo_recent_form_h2h,away_win,"(-0.001, 0.1]",8,0.07076565063620502,0.0
2010,V3_elo_recent_form_h2h,away_win,"(0.1, 0.2]",17,0.14734190059435323,0.0
2010,V3_elo_recent_form_h2h,away_win,"(0.2, 0.3]",10,0.2310330041380122,0.0
2010,V3_elo_recent_form_h2h,away_win,"(0.3, 0.4]",11,0.351653596799258,0.0
2010,V3_elo_recent_form_h2h,away_win,"(0.4, 0.5]",5,0.4695077573176102,0.0
2010,V3_elo_recent_form_h2h,away_win,"(0.5, 0.6]",7,0.5317177171764228,0.14285714285714285
2010,V3_elo_recent_form_h2h,away_win,"(0.6, 0.7]",2,0.6396455113041994,0.0
2010,V3_elo_recent_form_h2h,away_win,"(0.7, 0.8]",3,0.7139568133426796,0.0
2010,V3_elo_recent_form_h2h,away_win,"(0.8, 0.9]",1,0.8491362413743765,0.0
2010,V4_elo_recent_form_goal_stats,home_win,"(-0.001, 0.1]",3,0.07505029046179677,0.6666666666666666
2010,V4_elo_recent_form_goal_stats,home_win,"(0.1, 0.2]",5,0.154172809301497,0.4
2010,V4_elo_recent_form_goal_stats,home_win,"(0.2, 0.3]",11,0.24485052818966963,0.45454545454545453
2010,V4_elo_recent_form_goal_stats,home_win,"(0.3, 0.4]",9,0.34966786983989545,0.8888888888888888
2010,V4_elo_recent_form_goal_stats,home_win,"(0.4, 0.5]",7,0.4541552672211226,0.7142857142857143
2010,V4_elo_recent_form_goal_stats,home_win,"(0.5, 0.6]",16,0.5488667713907041,0.8125
2010,V4_elo_recent_form_goal_stats,home_win,"(0.6, 0.7]",8,0.651507120712993,1.0
2010,V4_elo_recent_form_goal_stats,home_win,"(0.7, 0.8]",5,0.7449269624408431,0.8
2010,V4_elo_recent_form_goal_stats,draw,"(0.1, 0.2]",5,0.169309919504058,0.4
2010,V4_elo_recent_form_goal_stats,draw,"(0.2, 0.3]",46,0.26300357766074556,0.21739130434782608
2010,V4_elo_recent_form_goal_stats,draw,"(0.3, 0.4]",13,0.31041047968010493,0.3076923076923077
2010,V4_elo_recent_form_goal_stats,away_win,"(-0.001, 0.1]",6,0.07425167242142758,0.0
2010,V4_elo_recent_form_goal_stats,away_win,"(0.1, 0.2]",21,0.15506928950313764,0.0
2010,V4_elo_recent_form_goal_stats,away_win,"(0.2, 0.3]",9,0.23944856590777336,0.0
2010,V4_elo_recent_form_goal_stats,away_win,"(0.3, 0.4]",9,0.34740475112444963,0.0
2010,V4_elo_recent_form_goal_stats,away_win,"(0.4, 0.5]",9,0.46110674687387376,0.0
2010,V4_elo_recent_form_goal_stats,away_win,"(0.5, 0.6]",5,0.5235550489283085,0.2
2010,V4_elo_recent_form_goal_stats,away_win,"(0.6, 0.7]",4,0.6731579872574887,0.0
2010,V4_elo_recent_form_goal_stats,away_win,"(0.8, 0.9]",1,0.8419081640776418,0.0
2010,V5_elo_true_home_close_match,home_win,"(-0.001, 0.1]",3,0.06624114991287004,0.3333333333333333
2010,V5_elo_true_home_close_match,home_win,"(0.1, 0.2]",5,0.14710397816823143,0.8
2010,V5_elo_true_home_close_match,home_win,"(0.2, 0.3]",11,0.2596268000757582,0.36363636363636365
2010,V5_elo_true_home_close_match,home_win,"(0.3, 0.4]",9,0.348918036974325,0.8888888888888888
2010,V5_elo_true_home_close_match,home_win,"(0.4, 0.5]",8,0.4383570961665849,0.75
2010,V5_elo_true_home_close_match,home_win,"(0.5, 0.6]",11,0.562636615666941,0.7272727272727273
2010,V5_elo_true_home_close_match,home_win,"(0.6, 0.7]",11,0.6377732122752303,1.0
2010,V5_elo_true_home_close_match,home_win,"(0.7, 0.8]",3,0.7505628606028077,1.0
2010,V5_elo_true_home_close_match,home_win,"(0.8, 0.9]",3,0.8307150960139519,0.6666666666666666
2010,V5_elo_true_home_close_match,draw,"(-0.001, 0.1]",1,0.0889235553779117,1.0
2010,V5_elo_true_home_close_match,draw,"(0.1, 0.2]",8,0.15286612144272263,0.25
2010,V5_elo_true_home_close_match,draw,"(0.2, 0.3]",43,0.2610171029123871,0.27906976744186046
2010,V5_elo_true_home_close_match,draw,"(0.3, 0.4]",12,0.3112103082441165,0.08333333333333333
2010,V5_elo_true_home_close_match,away_win,"(-0.001, 0.1]",6,0.06304612839256314,0.0
2010,V5_elo_true_home_close_match,away_win,"(0.1, 0.2]",21,0.1519054452415745,0.0
2010,V5_elo_true_home_close_match,away_win,"(0.2, 0.3]",8,0.2474612069354375,0.0
2010,V5_elo_true_home_close_match,away_win,"(0.3, 0.4]",10,0.336987895398638,0.0
2010,V5_elo_true_home_close_match,away_win,"(0.4, 0.5]",9,0.4406089408385548,0.1111111111111111
2010,V5_elo_true_home_close_match,away_win,"(0.5, 0.6]",4,0.5287926447643452,0.0
2010,V5_elo_true_home_close_match,away_win,"(0.6, 0.7]",3,0.6594883228502167,0.0
2010,V5_elo_true_home_close_match,away_win,"(0.7, 0.8]",2,0.7426428221058949,0.0
2010,V5_elo_true_home_close_match,away_win,"(0.8, 0.9]",1,0.8820277389242499,0.0
2014,V1_elo_only,home_win,"(0.1, 0.2]",6,0.1650392411342574,0.5
2014,V1_elo_only,home_win,"(0.2, 0.3]",5,0.26753947929053956,0.6
2014,V1_elo_only,home_win,"(0.3, 0.4]",14,0.35885786658225777,0.7857142857142857
2014,V1_elo_only,home_win,"(0.4, 0.5]",9,0.4428523458640125,0.6666666666666666
2014,V1_elo_only,home_win,"(0.5, 0.6]",19,0.5408286506567611,0.8947368421052632
2014,V1_elo_only,home_win,"(0.6, 0.7]",7,0.6473055365795373,0.8571428571428571
2014,V1_elo_only,home_win,"(0.7, 0.8]",4,0.7511718351203963,0.75
2014,V1_elo_only,draw,"(0.1, 0.2]",2,0.1651367348160353,0.0
2014,V1_elo_only,draw,"(0.2, 0.3]",52,0.27089599611823423,0.23076923076923078
2014,V1_elo_only,draw,"(0.3, 0.4]",10,0.30781538151103904,0.1
2014,V1_elo_only,away_win,"(-0.001, 0.1]",5,0.06720332816821127,0.0
2014,V1_elo_only,away_win,"(0.1, 0.2]",17,0.15245614580860609,0.0
2014,V1_elo_only,away_win,"(0.2, 0.3]",18,0.24071063273976512,0.1111111111111111
2014,V1_elo_only,away_win,"(0.3, 0.4]",13,0.3424618188766614,0.0
2014,V1_elo_only,away_win,"(0.4, 0.5]",5,0.4414134387495148,0.0
2014,V1_elo_only,away_win,"(0.5, 0.6]",4,0.5475449923472471,0.0
2014,V1_elo_only,away_win,"(0.6, 0.7]",2,0.6229915262351489,0.0
2014,V2_elo_recent_form,home_win,"(0.1, 0.2]",6,0.16017892756651078,0.5
2014,V2_elo_recent_form,home_win,"(0.2, 0.3]",3,0.24239252973457504,0.3333333333333333
2014,V2_elo_recent_form,home_win,"(0.3, 0.4]",16,0.35442730961989644,0.8125
2014,V2_elo_recent_form,home_win,"(0.4, 0.5]",11,0.4473691340774547,0.7272727272727273
2014,V2_elo_recent_form,home_win,"(0.5, 0.6]",17,0.5574992892995733,0.8823529411764706
2014,V2_elo_recent_form,home_win,"(0.6, 0.7]",6,0.6536408568758522,1.0
2014,V2_elo_recent_form,home_win,"(0.7, 0.8]",5,0.7577209412925716,0.6
2014,V2_elo_recent_form,draw,"(0.1, 0.2]",4,0.17328289989768714,0.25
2014,V2_elo_recent_form,draw,"(0.2, 0.3]",42,0.2665412947115978,0.23809523809523808
2014,V2_elo_recent_form,draw,"(0.3, 0.4]",18,0.31186145479466254,0.1111111111111111
2014,V2_elo_recent_form,away_win,"(-0.001, 0.1]",6,0.0670873159371498,0.0
2014,V2_elo_recent_form,away_win,"(0.1, 0.2]",21,0.1575596169262306,0.0
2014,V2_elo_recent_form,away_win,"(0.2, 0.3]",15,0.2584903997418018,0.13333333333333333
2014,V2_elo_recent_form,away_win,"(0.3, 0.4]",12,0.34552298856350605,0.0
2014,V2_elo_recent_form,away_win,"(0.4, 0.5]",4,0.4496768002910196,0.0
2014,V2_elo_recent_form,away_win,"(0.5, 0.6]",5,0.5709181181327472,0.0
2014,V2_elo_recent_form,away_win,"(0.6, 0.7]",1,0.6423359852437098,0.0
2014,V3_elo_recent_form_h2h,home_win,"(0.1, 0.2]",6,0.16077129580013302,0.5
2014,V3_elo_recent_form_h2h,home_win,"(0.2, 0.3]",4,0.25306875419103736,0.5
2014,V3_elo_recent_form_h2h,home_win,"(0.3, 0.4]",16,0.35952473489480086,0.75
2014,V3_elo_recent_form_h2h,home_win,"(0.4, 0.5]",10,0.4588387075653741,0.8
2014,V3_elo_recent_form_h2h,home_win,"(0.5, 0.6]",14,0.5470462220804708,0.9285714285714286
2014,V3_elo_recent_form_h2h,home_win,"(0.6, 0.7]",10,0.6455243652734793,0.8
2014,V3_elo_recent_form_h2h,home_win,"(0.7, 0.8]",4,0.777080981241837,0.75
2014,V3_elo_recent_form_h2h,draw,"(0.1, 0.2]",4,0.16500812333391351,0.25
2014,V3_elo_recent_form_h2h,draw,"(0.2, 0.3]",45,0.261713109736158,0.2222222222222222
2014,V3_elo_recent_form_h2h,draw,"(0.3, 0.4]",15,0.31219655275447056,0.13333333333333333
2014,V3_elo_recent_form_h2h,away_win,"(-0.001, 0.1]",6,0.06922311998093042,0.0
2014,V3_elo_recent_form_h2h,away_win,"(0.1, 0.2]",20,0.1573698695679481,0.0
2014,V3_elo_recent_form_h2h,away_win,"(0.2, 0.3]",14,0.25185967944220117,0.14285714285714285
2014,V3_elo_recent_form_h2h,away_win,"(0.3, 0.4]",13,0.3391953437602975,0.0
2014,V3_elo_recent_form_h2h,away_win,"(0.4, 0.5]",5,0.45504448619911975,0.0
2014,V3_elo_recent_form_h2h,away_win,"(0.5, 0.6]",4,0.5784096403429488,0.0
2014,V3_elo_recent_form_h2h,away_win,"(0.6, 0.7]",2,0.626428440084658,0.0
2014,V4_elo_recent_form_goal_stats,home_win,"(0.1, 0.2]",5,0.1560061903014831,0.4
2014,V4_elo_recent_form_goal_stats,home_win,"(0.2, 0.3]",4,0.22574343243778225,0.5
2014,V4_elo_recent_form_goal_stats,home_win,"(0.3, 0.4]",14,0.3501142758055294,0.8571428571428571
2014,V4_elo_recent_form_goal_stats,home_win,"(0.4, 0.5]",12,0.45035640284730305,0.6666666666666666
2014,V4_elo_recent_form_goal_stats,home_win,"(0.5, 0.6]",14,0.5552020731818331,0.9285714285714286
2014,V4_elo_recent_form_goal_stats,home_win,"(0.6, 0.7]",7,0.6247928480180128,0.8571428571428571
2014,V4_elo_recent_form_goal_stats,home_win,"(0.7, 0.8]",7,0.7467123021184083,0.7142857142857143
2014,V4_elo_recent_form_goal_stats,home_win,"(0.8, 0.9]",1,0.8139073862587948,1.0
2014,V4_elo_recent_form_goal_stats,draw,"(0.1, 0.2]",9,0.17412756332454815,0.2222222222222222
2014,V4_elo_recent_form_goal_stats,draw,"(0.2, 0.3]",47,0.26598112272621777,0.19148936170212766
2014,V4_elo_recent_form_goal_stats,draw,"(0.3, 0.4]",8,0.31298879829499804,0.25
2014,V4_elo_recent_form_goal_stats,away_win,"(-0.001, 0.1]",7,0.06913313591162219,0.0
2014,V4_elo_recent_form_goal_stats,away_win,"(0.1, 0.2]",17,0.15626702206256923,0.0
2014,V4_elo_recent_form_goal_stats,away_win,"(0.2, 0.3]",18,0.2498735796676942,0.1111111111111111
2014,V4_elo_recent_form_goal_stats,away_win,"(0.3, 0.4]",11,0.34978198176136205,0.0
2014,V4_elo_recent_form_goal_stats,away_win,"(0.4, 0.5]",4,0.42735301293794425,0.0
2014,V4_elo_recent_form_goal_stats,away_win,"(0.5, 0.6]",5,0.563607100454675,0.0
2014,V4_elo_recent_form_goal_stats,away_win,"(0.6, 0.7]",2,0.6192149116300928,0.0
2014,V5_elo_true_home_close_match,home_win,"(0.1, 0.2]",6,0.16081615389981183,0.5
2014,V5_elo_true_home_close_match,home_win,"(0.2, 0.3]",5,0.26148484020507173,0.6
2014,V5_elo_true_home_close_match,home_win,"(0.3, 0.4]",14,0.3534328696947964,0.8571428571428571
2014,V5_elo_true_home_close_match,home_win,"(0.4, 0.5]",7,0.44361434150799267,0.7142857142857143
2014,V5_elo_true_home_close_match,home_win,"(0.5, 0.6]",15,0.5306657886814174,0.8666666666666667
2014,V5_elo_true_home_close_match,home_win,"(0.6, 0.7]",10,0.6359681920454542,0.9
2014,V5_elo_true_home_close_match,home_win,"(0.7, 0.8]",4,0.7454606132361123,0.5
2014,V5_elo_true_home_close_match,home_win,"(0.8, 0.9]",3,0.8435872709764247,0.6666666666666666
2014,V5_elo_true_home_close_match,draw,"(0.1, 0.2]",6,0.14808154088776423,0.3333333333333333
2014,V5_elo_true_home_close_match,draw,"(0.2, 0.3]",38,0.26609994387443797,0.18421052631578946
2014,V5_elo_true_home_close_match,draw,"(0.3, 0.4]",20,0.3114366004403769,0.2
2014,V5_elo_true_home_close_match,away_win,"(-0.001, 0.1]",8,0.05759584572804185,0.0
2014,V5_elo_true_home_close_match,away_win,"(0.1, 0.2]",19,0.15675493845901722,0.10526315789473684
2014,V5_elo_true_home_close_match,away_win,"(0.2, 0.3]",13,0.2406446556718895,0.0
2014,V5_elo_true_home_close_match,away_win,"(0.3, 0.4]",13,0.33533598012947097,0.0
2014,V5_elo_true_home_close_match,away_win,"(0.4, 0.5]",5,0.43851654852582544,0.0
2014,V5_elo_true_home_close_match,away_win,"(0.5, 0.6]",4,0.5536896819246548,0.0
2014,V5_elo_true_home_close_match,away_win,"(0.6, 0.7]",2,0.6394129195446419,0.0
2018,V1_elo_only,home_win,"(-0.001, 0.1]",3,0.09232985397220396,0.3333333333333333
2018,V1_elo_only,home_win,"(0.1, 0.2]",4,0.16751013928754369,0.75
2018,V1_elo_only,home_win,"(0.2, 0.3]",14,0.2571778424836727,0.6428571428571429
2018,V1_elo_only,home_win,"(0.3, 0.4]",8,0.3464730226398349,0.625
2018,V1_elo_only,home_win,"(0.4, 0.5]",14,0.45531824971139695,1.0
2018,V1_elo_only,home_win,"(0.5, 0.6]",8,0.5598042878526026,0.625
2018,V1_elo_only,home_win,"(0.6, 0.7]",12,0.6361937125971749,1.0
2018,V1_elo_only,home_win,"(0.7, 0.8]",1,0.7149874572961448,1.0
2018,V1_elo_only,draw,"(0.2, 0.3]",58,0.2666818921493677,0.1896551724137931
2018,V1_elo_only,draw,"(0.3, 0.4]",6,0.303034316606063,0.3333333333333333
2018,V1_elo_only,away_win,"(-0.001, 0.1]",2,0.0841800511080229,0.0
2018,V1_elo_only,away_win,"(0.1, 0.2]",18,0.14503041898256874,0.0
2018,V1_elo_only,away_win,"(0.2, 0.3]",14,0.2509734357849683,0.0
2018,V1_elo_only,away_win,"(0.3, 0.4]",9,0.35098102677026516,0.0
2018,V1_elo_only,away_win,"(0.4, 0.5]",12,0.4465123030670872,0.0
2018,V1_elo_only,away_win,"(0.5, 0.6]",6,0.5512576803848883,0.16666666666666666
2018,V1_elo_only,away_win,"(0.6, 0.7]",2,0.6875255630190451,0.0
2018,V1_elo_only,away_win,"(0.7, 0.8]",1,0.7006286225240936,0.0
2018,V2_elo_recent_form,home_win,"(-0.001, 0.1]",2,0.08110538873844558,0.5
2018,V2_elo_recent_form,home_win,"(0.1, 0.2]",7,0.15725956748405653,0.42857142857142855
2018,V2_elo_recent_form,home_win,"(0.2, 0.3]",13,0.2604468123989711,0.6923076923076923
2018,V2_elo_recent_form,home_win,"(0.3, 0.4]",7,0.3554813344773148,0.7142857142857143
2018,V2_elo_recent_form,home_win,"(0.4, 0.5]",12,0.4496751123624279,1.0
2018,V2_elo_recent_form,home_win,"(0.5, 0.6]",9,0.5376230732142363,0.6666666666666666
2018,V2_elo_recent_form,home_win,"(0.6, 0.7]",12,0.6367190449038509,1.0
2018,V2_elo_recent_form,home_win,"(0.7, 0.8]",2,0.7367028276028065,1.0
2018,V2_elo_recent_form,draw,"(0.1, 0.2]",3,0.18805308524473144,0.3333333333333333
2018,V2_elo_recent_form,draw,"(0.2, 0.3]",46,0.2619178133448382,0.17391304347826086
2018,V2_elo_recent_form,draw,"(0.3, 0.4]",15,0.31102013141010065,0.26666666666666666
2018,V2_elo_recent_form,away_win,"(-0.001, 0.1]",3,0.07886838575298812,0.0
2018,V2_elo_recent_form,away_win,"(0.1, 0.2]",15,0.1346393025500187,0.0
2018,V2_elo_recent_form,away_win,"(0.2, 0.3]",17,0.24914744678342018,0.0
2018,V2_elo_recent_form,away_win,"(0.3, 0.4]",9,0.3532319079386508,0.0
2018,V2_elo_recent_form,away_win,"(0.4, 0.5]",11,0.4550122125526703,0.0
2018,V2_elo_recent_form,away_win,"(0.5, 0.6]",5,0.565021880396421,0.2
2018,V2_elo_recent_form,away_win,"(0.6, 0.7]",2,0.6434575693367994,0.0
2018,V2_elo_recent_form,away_win,"(0.7, 0.8]",2,0.7242115822596087,0.0
2018,V3_elo_recent_form_h2h,home_win,"(-0.001, 0.1]",3,0.08755488541666061,0.3333333333333333
2018,V3_elo_recent_form_h2h,home_win,"(0.1, 0.2]",6,0.16948287342344479,0.5
2018,V3_elo_recent_form_h2h,home_win,"(0.2, 0.3]",13,0.2596036644497453,0.6923076923076923
2018,V3_elo_recent_form_h2h,home_win,"(0.3, 0.4]",7,0.3460404412855408,0.7142857142857143
2018,V3_elo_recent_form_h2h,home_win,"(0.4, 0.5]",10,0.4412518921684163,1.0
2018,V3_elo_recent_form_h2h,home_win,"(0.5, 0.6]",12,0.5388026870640383,0.75
2018,V3_elo_recent_form_h2h,home_win,"(0.6, 0.7]",11,0.6408403513415156,1.0
2018,V3_elo_recent_form_h2h,home_win,"(0.7, 0.8]",2,0.7490672419061695,1.0
2018,V3_elo_recent_form_h2h,draw,"(0.1, 0.2]",4,0.1844962763713307,0.25
2018,V3_elo_recent_form_h2h,draw,"(0.2, 0.3]",52,0.2600875091198845,0.19230769230769232
2018,V3_elo_recent_form_h2h,draw,"(0.3, 0.4]",8,0.3215720605791387,0.25
2018,V3_elo_recent_form_h2h,away_win,"(-0.001, 0.1]",2,0.06936763124731146,0.0
2018,V3_elo_recent_form_h2h,away_win,"(0.1, 0.2]",16,0.13721597361834897,0.0
2018,V3_elo_recent_form_h2h,away_win,"(0.2, 0.3]",17,0.2543620194509673,0.0
2018,V3_elo_recent_form_h2h,away_win,"(0.3, 0.4]",7,0.348499904073548,0.0
2018,V3_elo_recent_form_h2h,away_win,"(0.4, 0.5]",13,0.4551672693741329,0.0
2018,V3_elo_recent_form_h2h,away_win,"(0.5, 0.6]",5,0.5741554180834465,0.2
2018,V3_elo_recent_form_h2h,away_win,"(0.6, 0.7]",2,0.6586872895092756,0.0
2018,V3_elo_recent_form_h2h,away_win,"(0.7, 0.8]",2,0.7297475630604078,0.0
2018,V4_elo_recent_form_goal_stats,home_win,"(-0.001, 0.1]",2,0.09340543057756079,0.5
2018,V4_elo_recent_form_goal_stats,home_win,"(0.1, 0.2]",7,0.16263463943928053,0.42857142857142855
2018,V4_elo_recent_form_goal_stats,home_win,"(0.2, 0.3]",13,0.26497193975702293,0.6923076923076923
2018,V4_elo_recent_form_goal_stats,home_win,"(0.3, 0.4]",7,0.3596804285728495,0.7142857142857143
2018,V4_elo_recent_form_goal_stats,home_win,"(0.4, 0.5]",13,0.4548286802510729,1.0
2018,V4_elo_recent_form_goal_stats,home_win,"(0.5, 0.6]",9,0.5504296241761231,0.6666666666666666
2018,V4_elo_recent_form_goal_stats,home_win,"(0.6, 0.7]",10,0.6338314114720828,1.0
2018,V4_elo_recent_form_goal_stats,home_win,"(0.7, 0.8]",3,0.724608090046024,1.0
2018,V4_elo_recent_form_goal_stats,draw,"(0.1, 0.2]",5,0.18705981574823802,0.2
2018,V4_elo_recent_form_goal_stats,draw,"(0.2, 0.3]",50,0.2638716211012519,0.18
2018,V4_elo_recent_form_goal_stats,draw,"(0.3, 0.4]",9,0.3149052288322416,0.3333333333333333
2018,V4_elo_recent_form_goal_stats,away_win,"(-0.001, 0.1]",3,0.08029883831669991,0.0
2018,V4_elo_recent_form_goal_stats,away_win,"(0.1, 0.2]",16,0.14471425668922994,0.0
2018,V4_elo_recent_form_goal_stats,away_win,"(0.2, 0.3]",14,0.24654590644991597,0.0
2018,V4_elo_recent_form_goal_stats,away_win,"(0.3, 0.4]",11,0.3435072194736011,0.0
2018,V4_elo_recent_form_goal_stats,away_win,"(0.4, 0.5]",11,0.45427021127013645,0.0
2018,V4_elo_recent_form_goal_stats,away_win,"(0.5, 0.6]",4,0.5550634982481554,0.25
2018,V4_elo_recent_form_goal_stats,away_win,"(0.6, 0.7]",3,0.6385190647517752,0.0
2018,V4_elo_recent_form_goal_stats,away_win,"(0.7, 0.8]",2,0.725606584605548,0.0
2018,V5_elo_true_home_close_match,home_win,"(-0.001, 0.1]",2,0.09423087461196807,0.5
2018,V5_elo_true_home_close_match,home_win,"(0.1, 0.2]",4,0.16106539342682497,0.75
2018,V5_elo_true_home_close_match,home_win,"(0.2, 0.3]",14,0.2590381724340349,0.6428571428571429
2018,V5_elo_true_home_close_match,home_win,"(0.3, 0.4]",9,0.3352649292127033,0.5555555555555556
2018,V5_elo_true_home_close_match,home_win,"(0.4, 0.5]",12,0.4506190995038768,1.0
2018,V5_elo_true_home_close_match,home_win,"(0.5, 0.6]",8,0.5507415180830683,0.75
2018,V5_elo_true_home_close_match,home_win,"(0.6, 0.7]",13,0.6359111599127849,0.9230769230769231
2018,V5_elo_true_home_close_match,home_win,"(0.7, 0.8]",2,0.7275733726161021,1.0
2018,V5_elo_true_home_close_match,draw,"(0.1, 0.2]",3,0.1901895272615268,0.0
2018,V5_elo_true_home_close_match,draw,"(0.2, 0.3]",38,0.26310641268676915,0.18421052631578946
2018,V5_elo_true_home_close_match,draw,"(0.3, 0.4]",23,0.309286993030773,0.2608695652173913
2018,V5_elo_true_home_close_match,away_win,"(-0.001, 0.1]",2,0.08419807498243963,0.0
2018,V5_elo_true_home_close_match,away_win,"(0.1, 0.2]",20,0.14463537285140807,0.0
2018,V5_elo_true_home_close_match,away_win,"(0.2, 0.3]",13,0.2456043070201675,0.0
2018,V5_elo_true_home_close_match,away_win,"(0.3, 0.4]",11,0.35761948461722176,0.09090909090909091
2018,V5_elo_true_home_close_match,away_win,"(0.4, 0.5]",12,0.4485315379386576,0.0
2018,V5_elo_true_home_close_match,away_win,"(0.5, 0.6]",4,0.5802416620374616,0.0
2018,V5_elo_true_home_close_match,away_win,"(0.6, 0.7]",1,0.6987205644871581,0.0
2018,V5_elo_true_home_close_match,away_win,"(0.7, 0.8]",1,0.71595203673333,0.0
2022,V1_elo_only,home_win,"(-0.001, 0.1]",4,0.05862716396847434,0.75
2022,V1_elo_only,home_win,"(0.1, 0.2]",11,0.1535088855729495,0.6363636363636364
2022,V1_elo_only,home_win,"(0.2, 0.3]",4,0.2476553975148613,0.5
2022,V1_elo_only,home_win,"(0.3, 0.4]",7,0.33809320672508203,0.5714285714285714
2022,V1_elo_only,home_win,"(0.4, 0.5]",11,0.46265990768430676,0.5454545454545454
2022,V1_elo_only,home_win,"(0.5, 0.6]",11,0.554051350268431,0.8181818181818182
2022,V1_elo_only,home_win,"(0.6, 0.7]",11,0.6548982165849284,0.9090909090909091
2022,V1_elo_only,home_win,"(0.7, 0.8]",5,0.7436877486995697,1.0
2022,V1_elo_only,draw,"(0.1, 0.2]",5,0.16546923734437852,0.0
2022,V1_elo_only,draw,"(0.2, 0.3]",56,0.26238642377092664,0.23214285714285715
2022,V1_elo_only,draw,"(0.3, 0.4]",3,0.3063021094807002,0.6666666666666666
2022,V1_elo_only,away_win,"(-0.001, 0.1]",9,0.07840026479705658,0.0
2022,V1_elo_only,away_win,"(0.1, 0.2]",16,0.14881592480402667,0.0
2022,V1_elo_only,away_win,"(0.2, 0.3]",13,0.23726777214573797,0.0
2022,V1_elo_only,away_win,"(0.3, 0.4]",6,0.3607232787581884,0.0
2022,V1_elo_only,away_win,"(0.4, 0.5]",3,0.4207842022499328,0.3333333333333333
2022,V1_elo_only,away_win,"(0.5, 0.6]",7,0.5382715090583832,0.14285714285714285
2022,V1_elo_only,away_win,"(0.6, 0.7]",6,0.6246812814644686,0.0
2022,V1_elo_only,away_win,"(0.7, 0.8]",2,0.7098002303606099,0.5
2022,V1_elo_only,away_win,"(0.8, 0.9]",2,0.8200825728962049,0.0
2022,V2_elo_recent_form,home_win,"(-0.001, 0.1]",4,0.05756026384964529,0.75
2022,V2_elo_recent_form,home_win,"(0.1, 0.2]",9,0.14877034257509478,0.6666666666666666
2022,V2_elo_recent_form,home_win,"(0.2, 0.3]",5,0.22139420808534202,0.4
2022,V2_elo_recent_form,home_win,"(0.3, 0.4]",8,0.35402725163458393,0.625
2022,V2_elo_recent_form,home_win,"(0.4, 0.5]",12,0.461391367508131,0.5833333333333334
2022,V2_elo_recent_form,home_win,"(0.5, 0.6]",11,0.5459271016898302,0.8181818181818182
2022,V2_elo_recent_form,home_win,"(0.6, 0.7]",10,0.6467723850339919,0.9
2022,V2_elo_recent_form,home_win,"(0.7, 0.8]",5,0.7444718338720424,1.0
2022,V2_elo_recent_form,draw,"(0.1, 0.2]",5,0.16271141866069885,0.0
2022,V2_elo_recent_form,draw,"(0.2, 0.3]",52,0.2649179595051336,0.21153846153846154
2022,V2_elo_recent_form,draw,"(0.3, 0.4]",7,0.30236294604070596,0.5714285714285714
2022,V2_elo_recent_form,away_win,"(-0.001, 0.1]",8,0.07471816435297998,0.0
2022,V2_elo_recent_form,away_win,"(0.1, 0.2]",16,0.15220628675679942,0.0
2022,V2_elo_recent_form,away_win,"(0.2, 0.3]",14,0.2417438548196174,0.0
2022,V2_elo_recent_form,away_win,"(0.3, 0.4]",8,0.35284728948038135,0.125
2022,V2_elo_recent_form,away_win,"(0.4, 0.5]",3,0.467841019637856,0.3333333333333333
2022,V2_elo_recent_form,away_win,"(0.5, 0.6]",10,0.570935509853894,0.0
2022,V2_elo_recent_form,away_win,"(0.6, 0.7]",2,0.6573976366687234,0.0
2022,V2_elo_recent_form,away_win,"(0.7, 0.8]",1,0.7083642948093203,1.0
2022,V2_elo_recent_form,away_win,"(0.8, 0.9]",2,0.838775868915683,0.0
2022,V3_elo_recent_form_h2h,home_win,"(-0.001, 0.1]",4,0.061942412841286265,0.75
2022,V3_elo_recent_form_h2h,home_win,"(0.1, 0.2]",9,0.15340895969438328,0.6666666666666666
2022,V3_elo_recent_form_h2h,home_win,"(0.2, 0.3]",6,0.24125851864339454,0.5
2022,V3_elo_recent_form_h2h,home_win,"(0.3, 0.4]",5,0.3444449704777826,0.6
2022,V3_elo_recent_form_h2h,home_win,"(0.4, 0.5]",13,0.453449816431337,0.5384615384615384
2022,V3_elo_recent_form_h2h,home_win,"(0.5, 0.6]",9,0.5420803678977473,0.8888888888888888
2022,V3_elo_recent_form_h2h,home_win,"(0.6, 0.7]",13,0.6423473735059505,0.8461538461538461
2022,V3_elo_recent_form_h2h,home_win,"(0.7, 0.8]",5,0.749396415128221,1.0
2022,V3_elo_recent_form_h2h,draw,"(0.1, 0.2]",6,0.16081913636821488,0.0
2022,V3_elo_recent_form_h2h,draw,"(0.2, 0.3]",56,0.2585634637444552,0.23214285714285715
2022,V3_elo_recent_form_h2h,draw,"(0.3, 0.4]",2,0.3066177088477167,1.0
2022,V3_elo_recent_form_h2h,away_win,"(-0.001, 0.1]",7,0.07265775256251492,0.0
2022,V3_elo_recent_form_h2h,away_win,"(0.1, 0.2]",16,0.14558791126158643,0.0
2022,V3_elo_recent_form_h2h,away_win,"(0.2, 0.3]",15,0.24344831994755137,0.0
2022,V3_elo_recent_form_h2h,away_win,"(0.3, 0.4]",7,0.3554718254149866,0.14285714285714285
2022,V3_elo_recent_form_h2h,away_win,"(0.4, 0.5]",4,0.4468884300892378,0.25
2022,V3_elo_recent_form_h2h,away_win,"(0.5, 0.6]",7,0.5653209023989382,0.0
2022,V3_elo_recent_form_h2h,away_win,"(0.6, 0.7]",5,0.6324419739623783,0.0
2022,V3_elo_recent_form_h2h,away_win,"(0.7, 0.8]",1,0.7069340012058735,1.0
2022,V3_elo_recent_form_h2h,away_win,"(0.8, 0.9]",2,0.8405091761139475,0.0
2022,V4_elo_recent_form_goal_stats,home_win,"(-0.001, 0.1]",4,0.06010654089500044,0.75
2022,V4_elo_recent_form_goal_stats,home_win,"(0.1, 0.2]",10,0.1503406964088417,0.6
2022,V4_elo_recent_form_goal_stats,home_win,"(0.2, 0.3]",6,0.2424104321735678,0.5
2022,V4_elo_recent_form_goal_stats,home_win,"(0.3, 0.4]",5,0.36259719862033346,0.8
2022,V4_elo_recent_form_goal_stats,home_win,"(0.4, 0.5]",14,0.45904642582173105,0.5714285714285714
2022,V4_elo_recent_form_goal_stats,home_win,"(0.5, 0.6]",10,0.5527022390344454,0.8
2022,V4_elo_recent_form_goal_stats,home_win,"(0.6, 0.7]",7,0.6383911518671114,0.8571428571428571
2022,V4_elo_recent_form_goal_stats,home_win,"(0.7, 0.8]",7,0.7420607278861813,1.0
2022,V4_elo_recent_form_goal_stats,home_win,"(0.8, 0.9]",1,0.8128910811416654,1.0
2022,V4_elo_recent_form_goal_stats,draw,"(0.1, 0.2]",9,0.1707850131136219,0.0
2022,V4_elo_recent_form_goal_stats,draw,"(0.2, 0.3]",43,0.26176734306407895,0.27906976744186046
2022,V4_elo_recent_form_goal_stats,draw,"(0.3, 0.4]",12,0.30867531541331333,0.25
2022,V4_elo_recent_form_goal_stats,away_win,"(-0.001, 0.1]",9,0.06704243977507329,0.0
2022,V4_elo_recent_form_goal_stats,away_win,"(0.1, 0.2]",15,0.15330595801871458,0.0
2022,V4_elo_recent_form_goal_stats,away_win,"(0.2, 0.3]",14,0.2414107358882906,0.0
2022,V4_elo_recent_form_goal_stats,away_win,"(0.3, 0.4]",7,0.3414396890019176,0.14285714285714285
2022,V4_elo_recent_form_goal_stats,away_win,"(0.4, 0.5]",4,0.4766753937885261,0.25
2022,V4_elo_recent_form_goal_stats,away_win,"(0.5, 0.6]",5,0.547906780050764,0.0
2022,V4_elo_recent_form_goal_stats,away_win,"(0.6, 0.7]",7,0.6229397250242421,0.0
2022,V4_elo_recent_form_goal_stats,away_win,"(0.7, 0.8]",1,0.7021364657395401,1.0
2022,V4_elo_recent_form_goal_stats,away_win,"(0.8, 0.9]",2,0.8400387850821633,0.0
2022,V5_elo_true_home_close_match,home_win,"(-0.001, 0.1]",3,0.050091138486688856,1.0
2022,V5_elo_true_home_close_match,home_win,"(0.1, 0.2]",11,0.15091463133214364,0.6363636363636364
2022,V5_elo_true_home_close_match,home_win,"(0.2, 0.3]",5,0.2525068379607203,0.4
2022,V5_elo_true_home_close_match,home_win,"(0.3, 0.4]",6,0.3331734918235249,0.6666666666666666
2022,V5_elo_true_home_close_match,home_win,"(0.4, 0.5]",13,0.45489047583439296,0.5384615384615384
2022,V5_elo_true_home_close_match,home_win,"(0.5, 0.6]",10,0.5559854890481158,0.8
2022,V5_elo_true_home_close_match,home_win,"(0.6, 0.7]",10,0.6595721825747883,0.9
2022,V5_elo_true_home_close_match,home_win,"(0.7, 0.8]",5,0.7398446508622839,1.0
2022,V5_elo_true_home_close_match,home_win,"(0.8, 0.9]",1,0.8220191643661772,1.0
2022,V5_elo_true_home_close_match,draw,"(0.1, 0.2]",8,0.15976025341071937,0.0
2022,V5_elo_true_home_close_match,draw,"(0.2, 0.3]",35,0.2530763047593153,0.2
2022,V5_elo_true_home_close_match,draw,"(0.3, 0.4]",21,0.31160061501396663,0.38095238095238093
2022,V5_elo_true_home_close_match,away_win,"(-0.001, 0.1]",9,0.07927909681672553,0.0
2022,V5_elo_true_home_close_match,away_win,"(0.1, 0.2]",16,0.1479010932056551,0.0
2022,V5_elo_true_home_close_match,away_win,"(0.2, 0.3]",14,0.23408316432833312,0.07142857142857142
2022,V5_elo_true_home_close_match,away_win,"(0.3, 0.4]",6,0.34917117502269446,0.0
2022,V5_elo_true_home_close_match,away_win,"(0.4, 0.5]",5,0.44566979973854226,0.2
2022,V5_elo_true_home_close_match,away_win,"(0.5, 0.6]",5,0.5558925544234089,0.2
2022,V5_elo_true_home_close_match,away_win,"(0.6, 0.7]",6,0.629200382626869,0.0
2022,V5_elo_true_home_close_match,away_win,"(0.7, 0.8]",1,0.7312733044558303,0.0
2022,V5_elo_true_home_close_match,away_win,"(0.8, 0.9]",2,0.8459607424160618,0.0
